{
"links":[{"rel":"self","href":"http://www.philart.net/api/people.json"},{"rel":"parent","href":"http://www.philart.net/api.json"}],
"head":{"title":"People","type":"listnav"},
"body":{
"list":[
{"name":"Adam","links":[{"rel":"self","href":"http://www.philart.net/api/people/325.json"}]},
{"name":"Abigail Adams","links":[{"rel":"self","href":"http://www.philart.net/api/people/157.json"}]},
{"name":"John Adams","links":[{"rel":"self","href":"http://www.philart.net/api/people/410.json"}]},
{"name":"Samuel Adams","links":[{"rel":"self","href":"http://www.philart.net/api/people/439.json"}]},
{"name":"Charles Addams","links":[{"rel":"self","href":"http://www.philart.net/api/people/1.json"}]},
{"name":"Aesculapius","links":[{"rel":"self","href":"http://www.philart.net/api/people/127.json"}]},
{"name":"Richard Allen","links":[{"rel":"self","href":"http://www.philart.net/api/people/169.json"}]},
{"name":"Saint Andrew","links":[{"rel":"self","href":"http://www.philart.net/api/people/419.json"}]},
{"name":"John Andrews","links":[{"rel":"self","href":"http://www.philart.net/api/people/352.json"}]},
{"name":"Fra Angelico","links":[{"rel":"self","href":"http://www.philart.net/api/people/278.json"}]},
{"name":"Maya Angelou","links":[{"rel":"self","href":"http://www.philart.net/api/people/309.json"}]},
{"name":"Susan B. Anthony","links":[{"rel":"self","href":"http://www.philart.net/api/people/158.json"}]},
{"name":"Apollo","links":[{"rel":"self","href":"http://www.philart.net/api/people/312.json"}]},
{"name":"Cpl. Moses Arnold, Jr.","links":[{"rel":"self","href":"http://www.philart.net/api/people/236.json"}]},
{"name":"Arthur Ashe","links":[{"rel":"self","href":"http://www.philart.net/api/people/413.json"}]},
{"name":"Athena","links":[{"rel":"self","href":"http://www.philart.net/api/people/234.json"}]},
{"name":"Atlas","links":[{"rel":"self","href":"http://www.philart.net/api/people/401.json"}]},
{"name":"William Wallace Atterbury","links":[{"rel":"self","href":"http://www.philart.net/api/people/317.json"}]},
{"name":"Crispus Attucks","links":[{"rel":"self","href":"http://www.philart.net/api/people/2.json"}]},
{"name":"Saint Augustine","links":[{"rel":"self","href":"http://www.philart.net/api/people/265.json"}]},
{"name":"Bacchus","links":[{"rel":"self","href":"http://www.philart.net/api/people/3.json"}]},
{"name":"Johann Sebastian Bach","links":[{"rel":"self","href":"http://www.philart.net/api/people/4.json"}]},
{"name":"Rocky Balboa","links":[{"rel":"self","href":"http://www.philart.net/api/people/5.json"}]},
{"name":"Matthias William Baldwin","links":[{"rel":"self","href":"http://www.philart.net/api/people/6.json"}]},
{"name":"Ernesta Drinker Ballard","links":[{"rel":"self","href":"http://www.philart.net/api/people/156.json"}]},
{"name":"Bartolommeo Bandinelli","links":[{"rel":"self","href":"http://www.philart.net/api/people/277.json"}]},
{"name":"Felix Barbelin","links":[{"rel":"self","href":"http://www.philart.net/api/people/210.json"}]},
{"name":"Albert Barnes","links":[{"rel":"self","href":"http://www.philart.net/api/people/316.json"}]},
{"name":"John Barry","links":[{"rel":"self","href":"http://www.philart.net/api/people/7.json"}]},
{"name":"Josiah Bartlett","links":[{"rel":"self","href":"http://www.philart.net/api/people/435.json"}]},
{"name":"Fra Bartolommeo","links":[{"rel":"self","href":"http://www.philart.net/api/people/288.json"}]},
{"name":"John Bartram","links":[{"rel":"self","href":"http://www.philart.net/api/people/8.json"}]},
{"name":"Jasper Baxter","links":[{"rel":"self","href":"http://www.philart.net/api/people/336.json"}]},
{"name":"James A. Beaver","links":[{"rel":"self","href":"http://www.philart.net/api/people/9.json"}]},
{"name":"Alexander Graham Bell","links":[{"rel":"self","href":"http://www.philart.net/api/people/422.json"}]},
{"name":"Giovanni Bellini","links":[{"rel":"self","href":"http://www.philart.net/api/people/269.json"}]},
{"name":"Cornelius F.J. Beukenkamp Jr.","links":[{"rel":"self","href":"http://www.philart.net/api/people/396.json"}]},
{"name":"Julian Biddle","links":[{"rel":"self","href":"http://www.philart.net/api/people/223.json"}]},
{"name":"William W. Bodine, Jr.","links":[{"rel":"self","href":"http://www.philart.net/api/people/122.json"}]},
{"name":"Anders Svennson Bonde","links":[{"rel":"self","href":"http://www.philart.net/api/people/255.json"}]},
{"name":"Sgt. John J. Bonk, Jr.","links":[{"rel":"self","href":"http://www.philart.net/api/people/237.json"}]},
{"name":"Pierre Bontemps","links":[{"rel":"self","href":"http://www.philart.net/api/people/282.json"}]},
{"name":"Kevin Leah Bowser","links":[{"rel":"self","href":"http://www.philart.net/api/people/337.json"}]},
{"name":"Aloysius Boyle","links":[{"rel":"self","href":"http://www.philart.net/api/people/369.json"}]},
{"name":"Donato Bramante","links":[{"rel":"self","href":"http://www.philart.net/api/people/296.json"}]},
{"name":"Samuel Livingston Breese","links":[{"rel":"self","href":"http://www.philart.net/api/people/183.json"}]},
{"name":"Carrol Brenek","links":[{"rel":"self","href":"http://www.philart.net/api/people/353.json"}]},
{"name":"Filippo Brunelleschi","links":[{"rel":"self","href":"http://www.philart.net/api/people/300.json"}]},
{"name":"William Cullen Bryant","links":[{"rel":"self","href":"http://www.philart.net/api/people/214.json"}]},
{"name":"Charles J. Buckley","links":[{"rel":"self","href":"http://www.philart.net/api/people/186.json"}]},
{"name":"Buddha","links":[{"rel":"self","href":"http://www.philart.net/api/people/380.json"}]},
{"name":"John Christian Bullitt","links":[{"rel":"self","href":"http://www.philart.net/api/people/10.json"}]},
{"name":"Smedley D. Butler","links":[{"rel":"self","href":"http://www.philart.net/api/people/173.json"}]},
{"name":"Alexander Milne Calder","links":[{"rel":"self","href":"http://www.philart.net/api/people/172.json"}]},
{"name":"James Caldwell","links":[{"rel":"self","href":"http://www.philart.net/api/people/196.json"}]},
{"name":"Calliope","links":[{"rel":"self","href":"http://www.philart.net/api/people/175.json"}]},
{"name":"William Camac","links":[{"rel":"self","href":"http://www.philart.net/api/people/11.json"}]},
{"name":"Ralph Campana","links":[{"rel":"self","href":"http://www.philart.net/api/people/354.json"}]},
{"name":"Johan Campanius","links":[{"rel":"self","href":"http://www.philart.net/api/people/249.json"}]},
{"name":"John J. Carlin","links":[{"rel":"self","href":"http://www.philart.net/api/people/219.json"}]},
{"name":"Steve Carlton","links":[{"rel":"self","href":"http://www.philart.net/api/people/12.json"}]},
{"name":"Hugo T. Caroselli","links":[{"rel":"self","href":"http://www.philart.net/api/people/331.json"}]},
{"name":"Charles Carroll","links":[{"rel":"self","href":"http://www.philart.net/api/people/13.json"}]},
{"name":"John Carroll","links":[{"rel":"self","href":"http://www.philart.net/api/people/125.json"}]},
{"name":"Bill Cash","links":[{"rel":"self","href":"http://www.philart.net/api/people/177.json"}]},
{"name":"Lewis Cass","links":[{"rel":"self","href":"http://www.philart.net/api/people/392.json"}]},
{"name":"Mary Cassat","links":[{"rel":"self","href":"http://www.philart.net/api/people/14.json"}]},
{"name":"Octavius Catto","links":[{"rel":"self","href":"http://www.philart.net/api/people/471.json"}]},
{"name":"Wilt Chamberlain","links":[{"rel":"self","href":"http://www.philart.net/api/people/182.json"}]},
{"name":"William Chance","links":[{"rel":"self","href":"http://www.philart.net/api/people/321.json"}]},
{"name":"James A. Chappell","links":[{"rel":"self","href":"http://www.philart.net/api/people/231.json"}]},
{"name":"King Charles II","links":[{"rel":"self","href":"http://www.philart.net/api/people/263.json"}]},
{"name":"Samuel Chase","links":[{"rel":"self","href":"http://www.philart.net/api/people/443.json"}]},
{"name":"Chief Joseph","links":[{"rel":"self","href":"http://www.philart.net/api/people/162.json"}]},
{"name":"Abraham Clark","links":[{"rel":"self","href":"http://www.philart.net/api/people/457.json"}]},
{"name":"Bobby Clarke","links":[{"rel":"self","href":"http://www.philart.net/api/people/377.json"}]},
{"name":"Christopher Robert Clarke","links":[{"rel":"self","href":"http://www.philart.net/api/people/338.json"}]},
{"name":"Henry Clay","links":[{"rel":"self","href":"http://www.philart.net/api/people/394.json"}]},
{"name":"Roberto Clemente","links":[{"rel":"self","href":"http://www.philart.net/api/people/204.json"}]},
{"name":"George Clinton","links":[{"rel":"self","href":"http://www.philart.net/api/people/440.json"}]},
{"name":"George Clymer","links":[{"rel":"self","href":"http://www.philart.net/api/people/452.json"}]},
{"name":"James J. Cochran","links":[{"rel":"self","href":"http://www.philart.net/api/people/387.json"}]},
{"name":"Peter Larsson Cock","links":[{"rel":"self","href":"http://www.philart.net/api/people/252.json"}]},
{"name":"Rebecca Cole","links":[{"rel":"self","href":"http://www.philart.net/api/people/15.json"}]},
{"name":"Sharonda Coleman-Singleton","links":[{"rel":"self","href":"http://www.philart.net/api/people/424.json"}]},
{"name":"John Coltrane","links":[{"rel":"self","href":"http://www.philart.net/api/people/412.json"}]},
{"name":"Christopher Columbus","links":[{"rel":"self","href":"http://www.philart.net/api/people/16.json"}]},
{"name":"George Conor-Wood","links":[{"rel":"self","href":"http://www.philart.net/api/people/206.json"}]},
{"name":"Meta Conor-Wood","links":[{"rel":"self","href":"http://www.philart.net/api/people/207.json"}]},
{"name":"Russell Conwell","links":[{"rel":"self","href":"http://www.philart.net/api/people/17.json"}]},
{"name":"Nicolaus Copernicus","links":[{"rel":"self","href":"http://www.philart.net/api/people/19.json"}]},
{"name":"Correggio","links":[{"rel":"self","href":"http://www.philart.net/api/people/295.json"}]},
{"name":"S.W. Crawford","links":[{"rel":"self","href":"http://www.philart.net/api/people/143.json"}]},
{"name":"Andrew Gregg Curtin","links":[{"rel":"self","href":"http://www.philart.net/api/people/20.json"}]},
{"name":"Benedetto da Maiano","links":[{"rel":"self","href":"http://www.philart.net/api/people/280.json"}]},
{"name":"Antonello da Messina","links":[{"rel":"self","href":"http://www.philart.net/api/people/293.json"}]},
{"name":"Leonardo da Vinci","links":[{"rel":"self","href":"http://www.philart.net/api/people/304.json"}]},
{"name":"Kim Dae-jung","links":[{"rel":"self","href":"http://www.philart.net/api/people/264.json"}]},
{"name":"John A. B. Dahlgren","links":[{"rel":"self","href":"http://www.philart.net/api/people/21.json"}]},
{"name":"Anders Larson Dalbo","links":[{"rel":"self","href":"http://www.philart.net/api/people/253.json"}]},
{"name":"David","links":[{"rel":"self","href":"http://www.philart.net/api/people/328.json"}]},
{"name":"Samuel Davies","links":[{"rel":"self","href":"http://www.philart.net/api/people/195.json"}]},
{"name":"Richard Foulke Day","links":[{"rel":"self","href":"http://www.philart.net/api/people/224.json"}]},
{"name":"Eugene V. Debs","links":[{"rel":"self","href":"http://www.philart.net/api/people/343.json"}]},
{"name":"Luca Della Robbia","links":[{"rel":"self","href":"http://www.philart.net/api/people/281.json"}]},
{"name":"Demeter","links":[{"rel":"self","href":"http://www.philart.net/api/people/187.json"}]},
{"name":"Richard F. Devine","links":[{"rel":"self","href":"http://www.philart.net/api/people/200.json"}]},
{"name":"Arnolfo di Lapo","links":[{"rel":"self","href":"http://www.philart.net/api/people/299.json"}]},
{"name":"Diana","links":[{"rel":"self","href":"http://www.philart.net/api/people/22.json"}]},
{"name":"Charles Dickens","links":[{"rel":"self","href":"http://www.philart.net/api/people/23.json"}]},
{"name":"John Dickinson","links":[{"rel":"self","href":"http://www.philart.net/api/people/451.json"}]},
{"name":"Richardson Dilworth","links":[{"rel":"self","href":"http://www.philart.net/api/people/24.json"}]},
{"name":"Dionysus","links":[{"rel":"self","href":"http://www.philart.net/api/people/400.json"}]},
{"name":"Fitz Eugene Dixon, Jr.","links":[{"rel":"self","href":"http://www.philart.net/api/people/233.json"}]},
{"name":"Don Quixote","links":[{"rel":"self","href":"http://www.philart.net/api/people/139.json"}]},
{"name":"Thomas Donahue","links":[{"rel":"self","href":"http://www.philart.net/api/people/375.json"}]},
{"name":"Donatello","links":[{"rel":"self","href":"http://www.philart.net/api/people/276.json"}]},
{"name":"Stephen A. Douglas","links":[{"rel":"self","href":"http://www.philart.net/api/people/391.json"}]},
{"name":"Frederick Douglass","links":[{"rel":"self","href":"http://www.philart.net/api/people/310.json"}]},
{"name":"Norton Downs, Jr.","links":[{"rel":"self","href":"http://www.philart.net/api/people/225.json"}]},
{"name":"Anthony J. Drexel","links":[{"rel":"self","href":"http://www.philart.net/api/people/25.json"}]},
{"name":"Katherine Drexel","links":[{"rel":"self","href":"http://www.philart.net/api/people/409.json"}]},
{"name":"John Drinkwater","links":[{"rel":"self","href":"http://www.philart.net/api/people/221.json"}]},
{"name":"W.E.B. Du Bois","links":[{"rel":"self","href":"http://www.philart.net/api/people/307.json"}]},
{"name":"Mahlon Duckett","links":[{"rel":"self","href":"http://www.philart.net/api/people/178.json"}]},
{"name":"Dr. Tanner G. Duckrey","links":[{"rel":"self","href":"http://www.philart.net/api/people/339.json"}]},
{"name":"Hugh Duffy","links":[{"rel":"self","href":"http://www.philart.net/api/people/322.json"}]},
{"name":"Albrecht Durer","links":[{"rel":"self","href":"http://www.philart.net/api/people/305.json"}]},
{"name":"Mary Dyer","links":[{"rel":"self","href":"http://www.philart.net/api/people/26.json"}]},
{"name":"Thomas Eakins","links":[{"rel":"self","href":"http://www.philart.net/api/people/27.json"}]},
{"name":"Michael Francis Egan","links":[{"rel":"self","href":"http://www.philart.net/api/people/408.json"}]},
{"name":"William Ellery","links":[{"rel":"self","href":"http://www.philart.net/api/people/450.json"}]},
{"name":"Erato","links":[{"rel":"self","href":"http://www.philart.net/api/people/176.json"}]},
{"name":"John Ericsson","links":[{"rel":"self","href":"http://www.philart.net/api/people/28.json"}]},
{"name":"Julius Erving","links":[{"rel":"self","href":"http://www.philart.net/api/people/29.json"}]},
{"name":"Eve","links":[{"rel":"self","href":"http://www.philart.net/api/people/326.json"}]},
{"name":"Oliver Exley","links":[{"rel":"self","href":"http://www.philart.net/api/people/366.json"}]},
{"name":"Michael Faraday","links":[{"rel":"self","href":"http://www.philart.net/api/people/30.json"}]},
{"name":"Saint Fiacre","links":[{"rel":"self","href":"http://www.philart.net/api/people/379.json"}]},
{"name":"Albert Fischer","links":[{"rel":"self","href":"http://www.philart.net/api/people/363.json"}]},
{"name":"Peter Fischer","links":[{"rel":"self","href":"http://www.philart.net/api/people/283.json"}]},
{"name":"Robert J. Fisher","links":[{"rel":"self","href":"http://www.philart.net/api/people/355.json"}]},
{"name":"John Fitch","links":[{"rel":"self","href":"http://www.philart.net/api/people/31.json"}]},
{"name":"Thomas Fitzsimmons","links":[{"rel":"self","href":"http://www.philart.net/api/people/32.json"}]},
{"name":"Benjamin Flower","links":[{"rel":"self","href":"http://www.philart.net/api/people/432.json"}]},
{"name":"William Floyd","links":[{"rel":"self","href":"http://www.philart.net/api/people/445.json"}]},
{"name":"Thomas Foglietta","links":[{"rel":"self","href":"http://www.philart.net/api/people/33.json"}]},
{"name":"Saint Francis of Assisi","links":[{"rel":"self","href":"http://www.philart.net/api/people/340.json"}]},
{"name":"Benjamin Franklin","links":[{"rel":"self","href":"http://www.philart.net/api/people/34.json"}]},
{"name":"Joe Frazier","links":[{"rel":"self","href":"http://www.philart.net/api/people/397.json"}]},
{"name":"Robert Fulton","links":[{"rel":"self","href":"http://www.philart.net/api/people/421.json"}]},
{"name":"Galileo","links":[{"rel":"self","href":"http://www.philart.net/api/people/37.json"}]},
{"name":"Diego de Gardoqui","links":[{"rel":"self","href":"http://www.philart.net/api/people/35.json"}]},
{"name":"James A. Garfield","links":[{"rel":"self","href":"http://www.philart.net/api/people/36.json"}]},
{"name":"Thomas Sovereign Gates","links":[{"rel":"self","href":"http://www.philart.net/api/people/153.json"}]},
{"name":"Saint George","links":[{"rel":"self","href":"http://www.philart.net/api/people/38.json"}]},
{"name":"Elbridge Gerry","links":[{"rel":"self","href":"http://www.philart.net/api/people/455.json"}]},
{"name":"John B. Gest","links":[{"rel":"self","href":"http://www.philart.net/api/people/144.json"}]},
{"name":"Lorenzo Ghiberti","links":[{"rel":"self","href":"http://www.philart.net/api/people/275.json"}]},
{"name":"George Gibbs","links":[{"rel":"self","href":"http://www.philart.net/api/people/318.json"}]},
{"name":"Thomas Gilloway","links":[{"rel":"self","href":"http://www.philart.net/api/people/360.json"}]},
{"name":"Giorgione","links":[{"rel":"self","href":"http://www.philart.net/api/people/268.json"}]},
{"name":"Giotto","links":[{"rel":"self","href":"http://www.philart.net/api/people/346.json"}]},
{"name":"Stephen Girard","links":[{"rel":"self","href":"http://www.philart.net/api/people/39.json"}]},
{"name":"Carl Christian Glanz","links":[{"rel":"self","href":"http://www.philart.net/api/people/226.json"}]},
{"name":"Stanley Glenn","links":[{"rel":"self","href":"http://www.philart.net/api/people/179.json"}]},
{"name":"Johann Wolfgang von Goethe","links":[{"rel":"self","href":"http://www.philart.net/api/people/40.json"}]},
{"name":"Claudia Diane Goodman","links":[{"rel":"self","href":"http://www.philart.net/api/people/381.json"}]},
{"name":"Mary Gorman","links":[{"rel":"self","href":"http://www.philart.net/api/people/120.json"}]},
{"name":"John Gormley","links":[{"rel":"self","href":"http://www.philart.net/api/people/372.json"}]},
{"name":"Jean Goujon","links":[{"rel":"self","href":"http://www.philart.net/api/people/273.json"}]},
{"name":"Harold Gould","links":[{"rel":"self","href":"http://www.philart.net/api/people/180.json"}]},
{"name":"Frederick Graff","links":[{"rel":"self","href":"http://www.philart.net/api/people/41.json"}]},
{"name":"Ulysses S. Grant","links":[{"rel":"self","href":"http://www.philart.net/api/people/42.json"}]},
{"name":"Comte de Grasse","links":[{"rel":"self","href":"http://www.philart.net/api/people/43.json"}]},
{"name":"Dr. William Herbert Gray, Jr.","links":[{"rel":"self","href":"http://www.philart.net/api/people/351.json"}]},
{"name":"Dr. William Herbert Gray, Sr.","links":[{"rel":"self","href":"http://www.philart.net/api/people/350.json"}]},
{"name":"Nathanael Greene","links":[{"rel":"self","href":"http://www.philart.net/api/people/44.json"}]},
{"name":"Samuel D. Gross","links":[{"rel":"self","href":"http://www.philart.net/api/people/45.json"}]},
{"name":"Cpl. Thomas A. Hairston","links":[{"rel":"self","href":"http://www.philart.net/api/people/238.json"}]},
{"name":"John Hancock","links":[{"rel":"self","href":"http://www.philart.net/api/people/469.json"}]},
{"name":"Winfield Scott Hancock","links":[{"rel":"self","href":"http://www.philart.net/api/people/46.json"}]},
{"name":"John Hanson","links":[{"rel":"self","href":"http://www.philart.net/api/people/47.json"}]},
{"name":"Sgt. Gilbert Hanton","links":[{"rel":"self","href":"http://www.philart.net/api/people/239.json"}]},
{"name":"Robert Harding","links":[{"rel":"self","href":"http://www.philart.net/api/people/411.json"}]},
{"name":"Frances Ellen Watkin Harper","links":[{"rel":"self","href":"http://www.philart.net/api/people/308.json"}]},
{"name":"Wilmer Harris","links":[{"rel":"self","href":"http://www.philart.net/api/people/181.json"}]},
{"name":"John Harrison","links":[{"rel":"self","href":"http://www.philart.net/api/people/48.json"}]},
{"name":"Benjamin Harrison V","links":[{"rel":"self","href":"http://www.philart.net/api/people/437.json"}]},
{"name":"John Hartranft","links":[{"rel":"self","href":"http://www.philart.net/api/people/49.json"}]},
{"name":"Joseph Haydn","links":[{"rel":"self","href":"http://www.philart.net/api/people/324.json"}]},
{"name":"Isaac Israel Hayes","links":[{"rel":"self","href":"http://www.philart.net/api/people/388.json"}]},
{"name":"Saint Hedwig","links":[{"rel":"self","href":"http://www.philart.net/api/people/50.json"}]},
{"name":"William Heller","links":[{"rel":"self","href":"http://www.philart.net/api/people/367.json"}]},
{"name":"Hephaestus","links":[{"rel":"self","href":"http://www.philart.net/api/people/215.json"}]},
{"name":"Hermes","links":[{"rel":"self","href":"http://www.philart.net/api/people/313.json"}]},
{"name":"Joseph Hewes","links":[{"rel":"self","href":"http://www.philart.net/api/people/459.json"}]},
{"name":"Thomas Heyward Jr.","links":[{"rel":"self","href":"http://www.philart.net/api/people/447.json"}]},
{"name":"Joe Hill","links":[{"rel":"self","href":"http://www.philart.net/api/people/342.json"}]},
{"name":"Charles Hodge","links":[{"rel":"self","href":"http://www.philart.net/api/people/315.json"}]},
{"name":"Patty Hogan","links":[{"rel":"self","href":"http://www.philart.net/api/people/335.json"}]},
{"name":"Holbein","links":[{"rel":"self","href":"http://www.philart.net/api/people/287.json"}]},
{"name":"David P. Holcombe","links":[{"rel":"self","href":"http://www.philart.net/api/people/229.json"}]},
{"name":"Thomas Holme","links":[{"rel":"self","href":"http://www.philart.net/api/people/213.json"}]},
{"name":"William Hooper","links":[{"rel":"self","href":"http://www.philart.net/api/people/458.json"}]},
{"name":"Stephen Hopkins","links":[{"rel":"self","href":"http://www.philart.net/api/people/449.json"}]},
{"name":"Francis Hopkinson","links":[{"rel":"self","href":"http://www.philart.net/api/people/51.json"}]},
{"name":"Henry Howard Houston","links":[{"rel":"self","href":"http://www.philart.net/api/people/130.json"}]},
{"name":"Sam Houston","links":[{"rel":"self","href":"http://www.philart.net/api/people/390.json"}]},
{"name":"Saint Hubert","links":[{"rel":"self","href":"http://www.philart.net/api/people/217.json"}]},
{"name":"Alexander von Humboldt","links":[{"rel":"self","href":"http://www.philart.net/api/people/52.json"}]},
{"name":"Samuel Huntington","links":[{"rel":"self","href":"http://www.philart.net/api/people/465.json"}]},
{"name":"Cynthia Hurd","links":[{"rel":"self","href":"http://www.philart.net/api/people/425.json"}]},
{"name":"Isaiah","links":[{"rel":"self","href":"http://www.philart.net/api/people/327.json"}]},
{"name":"Susie Jackson","links":[{"rel":"self","href":"http://www.philart.net/api/people/426.json"}]},
{"name":"Saint James","links":[{"rel":"self","href":"http://www.philart.net/api/people/208.json"}]},
{"name":"Thomas Jefferson","links":[{"rel":"self","href":"http://www.philart.net/api/people/53.json"}]},
{"name":"Jerome K. Jerome","links":[{"rel":"self","href":"http://www.philart.net/api/people/414.json"}]},
{"name":"Jesus","links":[{"rel":"self","href":"http://www.philart.net/api/people/123.json"}]},
{"name":"Joan of Arc","links":[{"rel":"self","href":"http://www.philart.net/api/people/54.json"}]},
{"name":"Saint John","links":[{"rel":"self","href":"http://www.philart.net/api/people/166.json"}]},
{"name":"Pope John Paul II","links":[{"rel":"self","href":"http://www.philart.net/api/people/90.json"}]},
{"name":"David F. Jones","links":[{"rel":"self","href":"http://www.philart.net/api/people/332.json"}]},
{"name":"John Paul Jones","links":[{"rel":"self","href":"http://www.philart.net/api/people/55.json"}]},
{"name":"Joseph","links":[{"rel":"self","href":"http://www.philart.net/api/people/209.json"}]},
{"name":"Louis Kahn","links":[{"rel":"self","href":"http://www.philart.net/api/people/170.json"}]},
{"name":"Thorfinn Karlsefni","links":[{"rel":"self","href":"http://www.philart.net/api/people/56.json"}]},
{"name":"Laurence Katz","links":[{"rel":"self","href":"http://www.philart.net/api/people/203.json"}]},
{"name":"Alan Kay","links":[{"rel":"self","href":"http://www.philart.net/api/people/402.json"}]},
{"name":"James Kelley","links":[{"rel":"self","href":"http://www.philart.net/api/people/368.json"}]},
{"name":"John B. Kelly","links":[{"rel":"self","href":"http://www.philart.net/api/people/57.json"}]},
{"name":"Joe L. Kelly Sr.","links":[{"rel":"self","href":"http://www.philart.net/api/people/334.json"}]},
{"name":"Willem Kieft","links":[{"rel":"self","href":"http://www.philart.net/api/people/261.json"}]},
{"name":"Martin Luther King, Jr.","links":[{"rel":"self","href":"http://www.philart.net/api/people/163.json"}]},
{"name":"Mans Nilsson Kling","links":[{"rel":"self","href":"http://www.philart.net/api/people/247.json"}]},
{"name":"Tadeusz Kosciuszko","links":[{"rel":"self","href":"http://www.philart.net/api/people/58.json"}]},
{"name":"William Besse Kuen","links":[{"rel":"self","href":"http://www.philart.net/api/people/227.json"}]},
{"name":"Joran Kyn","links":[{"rel":"self","href":"http://www.philart.net/api/people/250.json"}]},
{"name":"Marquis de Lafayette","links":[{"rel":"self","href":"http://www.philart.net/api/people/59.json"}]},
{"name":"Ethel Lance","links":[{"rel":"self","href":"http://www.philart.net/api/people/427.json"}]},
{"name":"Le Sueur","links":[{"rel":"self","href":"http://www.philart.net/api/people/298.json"}]},
{"name":"Richard Henry Lee","links":[{"rel":"self","href":"http://www.philart.net/api/people/438.json"}]},
{"name":"Yan Phou Lee","links":[{"rel":"self","href":"http://www.philart.net/api/people/160.json"}]},
{"name":"Joseph Leidy","links":[{"rel":"self","href":"http://www.philart.net/api/people/60.json"}]},
{"name":"Charles Lennig","links":[{"rel":"self","href":"http://www.philart.net/api/people/134.json"}]},
{"name":"Pierre Lescot","links":[{"rel":"self","href":"http://www.philart.net/api/people/297.json"}]},
{"name":"Uriah Phillips Levy","links":[{"rel":"self","href":"http://www.philart.net/api/people/344.json"}]},
{"name":"Francis Lewis","links":[{"rel":"self","href":"http://www.philart.net/api/people/464.json"}]},
{"name":"Abraham Lincoln","links":[{"rel":"self","href":"http://www.philart.net/api/people/61.json"}]},
{"name":"Joseph S. Lindemann","links":[{"rel":"self","href":"http://www.philart.net/api/people/135.json"}]},
{"name":"Peter Lindstrom","links":[{"rel":"self","href":"http://www.philart.net/api/people/254.json"}]},
{"name":"Philip  Livingston","links":[{"rel":"self","href":"http://www.philart.net/api/people/418.json"}]},
{"name":"Robert R. Livingston","links":[{"rel":"self","href":"http://www.philart.net/api/people/462.json"}]},
{"name":"Saint Luke","links":[{"rel":"self","href":"http://www.philart.net/api/people/155.json"}]},
{"name":"Thomas Lynch Jr.","links":[{"rel":"self","href":"http://www.philart.net/api/people/436.json"}]},
{"name":"Connie Mack","links":[{"rel":"self","href":"http://www.philart.net/api/people/62.json"}]},
{"name":"The Magi","links":[{"rel":"self","href":"http://www.philart.net/api/people/329.json"}]},
{"name":"Francis Makemie","links":[{"rel":"self","href":"http://www.philart.net/api/people/193.json"}]},
{"name":"Guglielmo Marconi","links":[{"rel":"self","href":"http://www.philart.net/api/people/63.json"}]},
{"name":"Vincent A. Marino, Esq.","links":[{"rel":"self","href":"http://www.philart.net/api/people/399.json"}]},
{"name":"Saint Mark","links":[{"rel":"self","href":"http://www.philart.net/api/people/165.json"}]},
{"name":"Mars","links":[{"rel":"self","href":"http://www.philart.net/api/people/64.json"}]},
{"name":"John Marshall","links":[{"rel":"self","href":"http://www.philart.net/api/people/65.json"}]},
{"name":"Mary","links":[{"rel":"self","href":"http://www.philart.net/api/people/167.json"}]},
{"name":"Masaccio","links":[{"rel":"self","href":"http://www.philart.net/api/people/286.json"}]},
{"name":"Mario V. Mascioli","links":[{"rel":"self","href":"http://www.philart.net/api/people/66.json"}]},
{"name":"Theobald Mathew","links":[{"rel":"self","href":"http://www.philart.net/api/people/67.json"}]},
{"name":"Saint Matthew","links":[{"rel":"self","href":"http://www.philart.net/api/people/164.json"}]},
{"name":"Jack David Mazur","links":[{"rel":"self","href":"http://www.philart.net/api/people/470.json"}]},
{"name":"Phyllis McAllister","links":[{"rel":"self","href":"http://www.philart.net/api/people/230.json"}]},
{"name":"George B. McClellan","links":[{"rel":"self","href":"http://www.philart.net/api/people/68.json"}]},
{"name":"George McConoghy","links":[{"rel":"self","href":"http://www.philart.net/api/people/371.json"}]},
{"name":"Hugh McIntyre","links":[{"rel":"self","href":"http://www.philart.net/api/people/356.json"}]},
{"name":"Thomas McKean","links":[{"rel":"self","href":"http://www.philart.net/api/people/416.json"}]},
{"name":"William McKinley","links":[{"rel":"self","href":"http://www.philart.net/api/people/69.json"}]},
{"name":"Morton McMichael","links":[{"rel":"self","href":"http://www.philart.net/api/people/70.json"}]},
{"name":"John McMillan","links":[{"rel":"self","href":"http://www.philart.net/api/people/194.json"}]},
{"name":"George Gordon Meade","links":[{"rel":"self","href":"http://www.philart.net/api/people/71.json"}]},
{"name":"Meher","links":[{"rel":"self","href":"http://www.philart.net/api/people/136.json"}]},
{"name":"Cornelis Jacobsen Mey","links":[{"rel":"self","href":"http://www.philart.net/api/people/258.json"}]},
{"name":"Michelangelo","links":[{"rel":"self","href":"http://www.philart.net/api/people/72.json"}]},
{"name":"Arthur Middleton","links":[{"rel":"self","href":"http://www.philart.net/api/people/446.json"}]},
{"name":"DePayne Middleton-Doctor","links":[{"rel":"self","href":"http://www.philart.net/api/people/428.json"}]},
{"name":"John Minnick","links":[{"rel":"self","href":"http://www.philart.net/api/people/370.json"}]},
{"name":"Peter Minuit","links":[{"rel":"self","href":"http://www.philart.net/api/people/245.json"}]},
{"name":"Francisco de Miranda","links":[{"rel":"self","href":"http://www.philart.net/api/people/154.json"}]},
{"name":"Silas Weir Mitchell","links":[{"rel":"self","href":"http://www.philart.net/api/people/73.json"}]},
{"name":"Richard Montgomery","links":[{"rel":"self","href":"http://www.philart.net/api/people/74.json"}]},
{"name":"Angel Moroni","links":[{"rel":"self","href":"http://www.philart.net/api/people/405.json"}]},
{"name":"Gouverneur Morris","links":[{"rel":"self","href":"http://www.philart.net/api/people/235.json"}]},
{"name":"Lewis Morris","links":[{"rel":"self","href":"http://www.philart.net/api/people/444.json"}]},
{"name":"Robert Morris","links":[{"rel":"self","href":"http://www.philart.net/api/people/75.json"}]},
{"name":"John Morton","links":[{"rel":"self","href":"http://www.philart.net/api/people/76.json"}]},
{"name":"Moses","links":[{"rel":"self","href":"http://www.philart.net/api/people/126.json"}]},
{"name":"Cpl. John F. Muffler","links":[{"rel":"self","href":"http://www.philart.net/api/people/240.json"}]},
{"name":"Henry Melchior Muhlenberg","links":[{"rel":"self","href":"http://www.philart.net/api/people/77.json"}]},
{"name":"John Peter Gabriel Muhlenberg","links":[{"rel":"self","href":"http://www.philart.net/api/people/78.json"}]},
{"name":"Bartolome Esteban Murillo","links":[{"rel":"self","href":"http://www.philart.net/api/people/292.json"}]},
{"name":"George Murray","links":[{"rel":"self","href":"http://www.philart.net/api/people/373.json"}]},
{"name":"Patrick A. Murray","links":[{"rel":"self","href":"http://www.philart.net/api/people/362.json"}]},
{"name":"Jonathan Netanyahu","links":[{"rel":"self","href":"http://www.philart.net/api/people/79.json"}]},
{"name":"John Nepomucene Neumann","links":[{"rel":"self","href":"http://www.philart.net/api/people/80.json"}]},
{"name":"Isaac Newton","links":[{"rel":"self","href":"http://www.philart.net/api/people/81.json"}]},
{"name":"Andrew Nippes","links":[{"rel":"self","href":"http://www.philart.net/api/people/121.json"}]},
{"name":"Hideyo Noguchi","links":[{"rel":"self","href":"http://www.philart.net/api/people/82.json"}]},
{"name":"John Nystrom","links":[{"rel":"self","href":"http://www.philart.net/api/people/149.json"}]},
{"name":"Georgia O'Keeffe","links":[{"rel":"self","href":"http://www.philart.net/api/people/83.json"}]},
{"name":"Barack Obama","links":[{"rel":"self","href":"http://www.philart.net/api/people/311.json"}]},
{"name":"Andrea di Cione Orcagna","links":[{"rel":"self","href":"http://www.philart.net/api/people/306.json"}]},
{"name":"Orestes","links":[{"rel":"self","href":"http://www.philart.net/api/people/84.json"}]},
{"name":"Eugene Ormandy","links":[{"rel":"self","href":"http://www.philart.net/api/people/364.json"}]},
{"name":"Orono","links":[{"rel":"self","href":"http://www.philart.net/api/people/85.json"}]},
{"name":"William Paca","links":[{"rel":"self","href":"http://www.philart.net/api/people/441.json"}]},
{"name":"Robert Treat Paine","links":[{"rel":"self","href":"http://www.philart.net/api/people/456.json"}]},
{"name":"Bernard Palissy","links":[{"rel":"self","href":"http://www.philart.net/api/people/274.json"}]},
{"name":"Andrea Palladio","links":[{"rel":"self","href":"http://www.philart.net/api/people/301.json"}]},
{"name":"Bernie Parent","links":[{"rel":"self","href":"http://www.philart.net/api/people/378.json"}]},
{"name":"Roger Parker","links":[{"rel":"self","href":"http://www.philart.net/api/people/357.json"}]},
{"name":"Franz Daniel Pastorius","links":[{"rel":"self","href":"http://www.philart.net/api/people/138.json"}]},
{"name":"Saint Patrick","links":[{"rel":"self","href":"http://www.philart.net/api/people/266.json"}]},
{"name":"Saint Paul","links":[{"rel":"self","href":"http://www.philart.net/api/people/146.json"}]},
{"name":"Edward Paxson","links":[{"rel":"self","href":"http://www.philart.net/api/people/361.json"}]},
{"name":"I. M. Pei","links":[{"rel":"self","href":"http://www.philart.net/api/people/190.json"}]},
{"name":"William Penn","links":[{"rel":"self","href":"http://www.philart.net/api/people/86.json"}]},
{"name":"Galusha Pennypacker","links":[{"rel":"self","href":"http://www.philart.net/api/people/87.json"}]},
{"name":"William Pepper","links":[{"rel":"self","href":"http://www.philart.net/api/people/88.json"}]},
{"name":"Raymond G. Perelman","links":[{"rel":"self","href":"http://www.philart.net/api/people/140.json"}]},
{"name":"Ruth Perelman","links":[{"rel":"self","href":"http://www.philart.net/api/people/141.json"}]},
{"name":"Saint Peter","links":[{"rel":"self","href":"http://www.philart.net/api/people/147.json"}]},
{"name":"Henry M. Phillips","links":[{"rel":"self","href":"http://www.philart.net/api/people/124.json"}]},
{"name":"Stephen Phillips","links":[{"rel":"self","href":"http://www.philart.net/api/people/220.json"}]},
{"name":"Clementa C. Pinckney","links":[{"rel":"self","href":"http://www.philart.net/api/people/423.json"}]},
{"name":"Giovanni Pisano","links":[{"rel":"self","href":"http://www.philart.net/api/people/279.json"}]},
{"name":"Edgar Allan Poe","links":[{"rel":"self","href":"http://www.philart.net/api/people/89.json"}]},
{"name":"Sgt. Rafael Pomales-Torres","links":[{"rel":"self","href":"http://www.philart.net/api/people/241.json"}]},
{"name":"David Dixon Porter","links":[{"rel":"self","href":"http://www.philart.net/api/people/91.json"}]},
{"name":"Poseidon","links":[{"rel":"self","href":"http://www.philart.net/api/people/188.json"}]},
{"name":"James Pouliot","links":[{"rel":"self","href":"http://www.philart.net/api/people/358.json"}]},
{"name":"Nicolas Poussin","links":[{"rel":"self","href":"http://www.philart.net/api/people/284.json"}]},
{"name":"Evelyn Taylor Price","links":[{"rel":"self","href":"http://www.philart.net/api/people/129.json"}]},
{"name":"Eli Kirk Price, Jr.","links":[{"rel":"self","href":"http://www.philart.net/api/people/128.json"}]},
{"name":"Johan Printz","links":[{"rel":"self","href":"http://www.philart.net/api/people/92.json"}]},
{"name":"Casimir Pulaski","links":[{"rel":"self","href":"http://www.philart.net/api/people/93.json"}]},
{"name":"Pylades","links":[{"rel":"self","href":"http://www.philart.net/api/people/189.json"}]},
{"name":"Sun Ra","links":[{"rel":"self","href":"http://www.philart.net/api/people/185.json"}]},
{"name":"Peter Gunnarsson Rambo","links":[{"rel":"self","href":"http://www.philart.net/api/people/256.json"}]},
{"name":"Raphael","links":[{"rel":"self","href":"http://www.philart.net/api/people/94.json"}]},
{"name":"George Read","links":[{"rel":"self","href":"http://www.philart.net/api/people/461.json"}]},
{"name":"Rebecca","links":[{"rel":"self","href":"http://www.philart.net/api/people/95.json"}]},
{"name":"Pfc. Rui Manuel A. Relvas","links":[{"rel":"self","href":"http://www.philart.net/api/people/242.json"}]},
{"name":"Rembrandt","links":[{"rel":"self","href":"http://www.philart.net/api/people/289.json"}]},
{"name":"John Fulton Reynolds","links":[{"rel":"self","href":"http://www.philart.net/api/people/96.json"}]},
{"name":"Peter Hollander Ridder","links":[{"rel":"self","href":"http://www.philart.net/api/people/246.json"}]},
{"name":"Johnnie Ring","links":[{"rel":"self","href":"http://www.philart.net/api/people/132.json"}]},
{"name":"Johan Risingh","links":[{"rel":"self","href":"http://www.philart.net/api/people/150.json"}]},
{"name":"Saint Rita of Cascia","links":[{"rel":"self","href":"http://www.philart.net/api/people/267.json"}]},
{"name":"Frank Rizzo","links":[{"rel":"self","href":"http://www.philart.net/api/people/97.json"}]},
{"name":"Robert of Luzarches","links":[{"rel":"self","href":"http://www.philart.net/api/people/302.json"}]},
{"name":"Robin Roberts","links":[{"rel":"self","href":"http://www.philart.net/api/people/98.json"}]},
{"name":"Suzanne Roberts","links":[{"rel":"self","href":"http://www.philart.net/api/people/365.json"}]},
{"name":"William J. Robinson","links":[{"rel":"self","href":"http://www.philart.net/api/people/199.json"}]},
{"name":"Eleanor Roosevelt","links":[{"rel":"self","href":"http://www.philart.net/api/people/403.json"}]},
{"name":"Theodore Roosevelt","links":[{"rel":"self","href":"http://www.philart.net/api/people/216.json"}]},
{"name":"Betsy Ross","links":[{"rel":"self","href":"http://www.philart.net/api/people/99.json"}]},
{"name":"Francis J. Ross","links":[{"rel":"self","href":"http://www.philart.net/api/people/386.json"}]},
{"name":"George Ross","links":[{"rel":"self","href":"http://www.philart.net/api/people/417.json"}]},
{"name":"Cpl. Louis J. Rotondo","links":[{"rel":"self","href":"http://www.philart.net/api/people/243.json"}]},
{"name":"Peter Paul Rubens","links":[{"rel":"self","href":"http://www.philart.net/api/people/272.json"}]},
{"name":"Rey Rubio","links":[{"rel":"self","href":"http://www.philart.net/api/people/202.json"}]},
{"name":"Benjamin Rush","links":[{"rel":"self","href":"http://www.philart.net/api/people/454.json"}]},
{"name":"Edward Rutledge","links":[{"rel":"self","href":"http://www.philart.net/api/people/442.json"}]},
{"name":"James Ryder","links":[{"rel":"self","href":"http://www.philart.net/api/people/211.json"}]},
{"name":"Ellen Phillips Samuel","links":[{"rel":"self","href":"http://www.philart.net/api/people/131.json"}]},
{"name":"Tywanza Sanders","links":[{"rel":"self","href":"http://www.philart.net/api/people/429.json"}]},
{"name":"Richard Sherwood Satterlee","links":[{"rel":"self","href":"http://www.philart.net/api/people/389.json"}]},
{"name":"Charles E. Schaeffer","links":[{"rel":"self","href":"http://www.philart.net/api/people/191.json"}]},
{"name":"Johann Christoph Friedrich von Schiller","links":[{"rel":"self","href":"http://www.philart.net/api/people/100.json"}]},
{"name":"Mike Schmidt","links":[{"rel":"self","href":"http://www.philart.net/api/people/101.json"}]},
{"name":"Franz Schubert","links":[{"rel":"self","href":"http://www.philart.net/api/people/102.json"}]},
{"name":"William H. Seward","links":[{"rel":"self","href":"http://www.philart.net/api/people/393.json"}]},
{"name":"William Shakespeare","links":[{"rel":"self","href":"http://www.philart.net/api/people/103.json"}]},
{"name":"James Shea","links":[{"rel":"self","href":"http://www.philart.net/api/people/323.json"}]},
{"name":"John P. Shelden","links":[{"rel":"self","href":"http://www.philart.net/api/people/384.json"}]},
{"name":"Andrey Sheptytsky","links":[{"rel":"self","href":"http://www.philart.net/api/people/168.json"}]},
{"name":"Roger Sherman","links":[{"rel":"self","href":"http://www.philart.net/api/people/460.json"}]},
{"name":"Fred Shero","links":[{"rel":"self","href":"http://www.philart.net/api/people/398.json"}]},
{"name":"Joseph E. Shubiak","links":[{"rel":"self","href":"http://www.philart.net/api/people/333.json"}]},
{"name":"Silenus","links":[{"rel":"self","href":"http://www.philart.net/api/people/104.json"}]},
{"name":"Karen Gay Silkwood","links":[{"rel":"self","href":"http://www.philart.net/api/people/341.json"}]},
{"name":"Daniel Simmons","links":[{"rel":"self","href":"http://www.philart.net/api/people/430.json"}]},
{"name":"Matthew Simpson","links":[{"rel":"self","href":"http://www.philart.net/api/people/105.json"}]},
{"name":"Sitting Bull","links":[{"rel":"self","href":"http://www.philart.net/api/people/161.json"}]},
{"name":"Captain Sven Skute","links":[{"rel":"self","href":"http://www.philart.net/api/people/248.json"}]},
{"name":"Charles Allen Smith","links":[{"rel":"self","href":"http://www.philart.net/api/people/205.json"}]},
{"name":"Edgar Fahs Smith","links":[{"rel":"self","href":"http://www.philart.net/api/people/106.json"}]},
{"name":"Kate Smith","links":[{"rel":"self","href":"http://www.philart.net/api/people/107.json"}]},
{"name":"Richard Smith","links":[{"rel":"self","href":"http://www.philart.net/api/people/142.json"}]},
{"name":"Solomon","links":[{"rel":"self","href":"http://www.philart.net/api/people/133.json"}]},
{"name":"Stephen Spender","links":[{"rel":"self","href":"http://www.philart.net/api/people/222.json"}]},
{"name":"William Stansfield","links":[{"rel":"self","href":"http://www.philart.net/api/people/137.json"}]},
{"name":"George Steinle","links":[{"rel":"self","href":"http://www.philart.net/api/people/320.json"}]},
{"name":"Saint Stephen","links":[{"rel":"self","href":"http://www.philart.net/api/people/314.json"}]},
{"name":"Thaddeus Stevens","links":[{"rel":"self","href":"http://www.philart.net/api/people/407.json"}]},
{"name":"Olof Persson Stille","links":[{"rel":"self","href":"http://www.philart.net/api/people/251.json"}]},
{"name":"Richard Stockton","links":[{"rel":"self","href":"http://www.philart.net/api/people/463.json"}]},
{"name":"Peter Stuyvesent","links":[{"rel":"self","href":"http://www.philart.net/api/people/262.json"}]},
{"name":"Wilson Cary Swann","links":[{"rel":"self","href":"http://www.philart.net/api/people/148.json"}]},
{"name":"Tamanend","links":[{"rel":"self","href":"http://www.philart.net/api/people/151.json"}]},
{"name":"John Taylor","links":[{"rel":"self","href":"http://www.philart.net/api/people/201.json"}]},
{"name":"Tedyuscung","links":[{"rel":"self","href":"http://www.philart.net/api/people/152.json"}]},
{"name":"Myra Thompson","links":[{"rel":"self","href":"http://www.philart.net/api/people/431.json"}]},
{"name":"Charles Thomson","links":[{"rel":"self","href":"http://www.philart.net/api/people/468.json"}]},
{"name":"John Edgar Thomson","links":[{"rel":"self","href":"http://www.philart.net/api/people/319.json"}]},
{"name":"Catherine Thorn","links":[{"rel":"self","href":"http://www.philart.net/api/people/348.json"}]},
{"name":"Adriaen Jorissen Tienpont","links":[{"rel":"self","href":"http://www.philart.net/api/people/257.json"}]},
{"name":"Titian","links":[{"rel":"self","href":"http://www.philart.net/api/people/290.json"}]},
{"name":"Triton","links":[{"rel":"self","href":"http://www.philart.net/api/people/192.json"}]},
{"name":"Frances Trollope","links":[{"rel":"self","href":"http://www.philart.net/api/people/385.json"}]},
{"name":"Harriet Tubman","links":[{"rel":"self","href":"http://www.philart.net/api/people/159.json"}]},
{"name":"Mark Twain","links":[{"rel":"self","href":"http://www.philart.net/api/people/383.json"}]},
{"name":"Ulysses","links":[{"rel":"self","href":"http://www.philart.net/api/people/108.json"}]},
{"name":"Anthony Van Dyck","links":[{"rel":"self","href":"http://www.philart.net/api/people/270.json"}]},
{"name":"Jan Van Eyck","links":[{"rel":"self","href":"http://www.philart.net/api/people/291.json"}]},
{"name":"Wouter Van Twiller","links":[{"rel":"self","href":"http://www.philart.net/api/people/260.json"}]},
{"name":"Thomas Vaughan","links":[{"rel":"self","href":"http://www.philart.net/api/people/198.json"}]},
{"name":"Velasquez","links":[{"rel":"self","href":"http://www.philart.net/api/people/271.json"}]},
{"name":"Venus","links":[{"rel":"self","href":"http://www.philart.net/api/people/109.json"}]},
{"name":"Guiseppe Verdi","links":[{"rel":"self","href":"http://www.philart.net/api/people/110.json"}]},
{"name":"Willem Verhulst","links":[{"rel":"self","href":"http://www.philart.net/api/people/259.json"}]},
{"name":"Paolo Veronese","links":[{"rel":"self","href":"http://www.philart.net/api/people/294.json"}]},
{"name":"Burchard Villiger","links":[{"rel":"self","href":"http://www.philart.net/api/people/212.json"}]},
{"name":"Saint Vincent de Paul","links":[{"rel":"self","href":"http://www.philart.net/api/people/184.json"}]},
{"name":"Friedrich Von Steuben","links":[{"rel":"self","href":"http://www.philart.net/api/people/111.json"}]},
{"name":"Robert Walsh","links":[{"rel":"self","href":"http://www.philart.net/api/people/395.json"}]},
{"name":"George Walton","links":[{"rel":"self","href":"http://www.philart.net/api/people/448.json"}]},
{"name":"John Wanamaker","links":[{"rel":"self","href":"http://www.philart.net/api/people/112.json"}]},
{"name":"Patrick E. Ward","links":[{"rel":"self","href":"http://www.philart.net/api/people/330.json"}]},
{"name":"Andy Warhol","links":[{"rel":"self","href":"http://www.philart.net/api/people/404.json"}]},
{"name":"George Washington","links":[{"rel":"self","href":"http://www.philart.net/api/people/113.json"}]},
{"name":"Anthony Wayne","links":[{"rel":"self","href":"http://www.philart.net/api/people/114.json"}]},
{"name":"Daniel Webster","links":[{"rel":"self","href":"http://www.philart.net/api/people/406.json"}]},
{"name":"John Welsh","links":[{"rel":"self","href":"http://www.philart.net/api/people/376.json"}]},
{"name":"Sgt. Allen D. Wesley","links":[{"rel":"self","href":"http://www.philart.net/api/people/244.json"}]},
{"name":"William Whipple","links":[{"rel":"self","href":"http://www.philart.net/api/people/434.json"}]},
{"name":"Alexander Whitaker","links":[{"rel":"self","href":"http://www.philart.net/api/people/218.json"}]},
{"name":"J. William White","links":[{"rel":"self","href":"http://www.philart.net/api/people/115.json"}]},
{"name":"Marcus Whitman","links":[{"rel":"self","href":"http://www.philart.net/api/people/197.json"}]},
{"name":"Walt Whitman","links":[{"rel":"self","href":"http://www.philart.net/api/people/116.json"}]},
{"name":"Joseph R. Wiley","links":[{"rel":"self","href":"http://www.philart.net/api/people/359.json"}]},
{"name":"William of Sens","links":[{"rel":"self","href":"http://www.philart.net/api/people/117.json"}]},
{"name":"William Williams","links":[{"rel":"self","href":"http://www.philart.net/api/people/466.json"}]},
{"name":"Thomas Willing","links":[{"rel":"self","href":"http://www.philart.net/api/people/453.json"}]},
{"name":"Howard Wilson","links":[{"rel":"self","href":"http://www.philart.net/api/people/374.json"}]},
{"name":"James Wilson","links":[{"rel":"self","href":"http://www.philart.net/api/people/415.json"}]},
{"name":"Marie F. Wilson","links":[{"rel":"self","href":"http://www.philart.net/api/people/382.json"}]},
{"name":"James H. Windrim","links":[{"rel":"self","href":"http://www.philart.net/api/people/174.json"}]},
{"name":"John Wister","links":[{"rel":"self","href":"http://www.philart.net/api/people/118.json"}]},
{"name":"John Witherspoon","links":[{"rel":"self","href":"http://www.philart.net/api/people/119.json"}]},
{"name":"Oliver Wolcott","links":[{"rel":"self","href":"http://www.philart.net/api/people/467.json"}]},
{"name":"Ned Wolf","links":[{"rel":"self","href":"http://www.philart.net/api/people/145.json"}]},
{"name":"Houston Woodward","links":[{"rel":"self","href":"http://www.philart.net/api/people/228.json"}]},
{"name":"Steve Wynn","links":[{"rel":"self","href":"http://www.philart.net/api/people/420.json"}]},
{"name":"George Wythe","links":[{"rel":"self","href":"http://www.philart.net/api/people/433.json"}]},
{"name":"Domenico Zampieri","links":[{"rel":"self","href":"http://www.philart.net/api/people/303.json"}]},
{"name":"Lin Zexu","links":[{"rel":"self","href":"http://www.philart.net/api/people/347.json"}]},
{"name":"James A. Zimble","links":[{"rel":"self","href":"http://www.philart.net/api/people/345.json"}]},
{"name":"Doris Zimmerman","links":[{"rel":"self","href":"http://www.philart.net/api/people/171.json"}]}
]
}
}